Tarah Gaudon,F,Paris
Dawn Antonchik,F,Gorge Walking
Pollyanna Muldowney,F,Mountain Biking
Rossie Zavattieri,M,Mountain Biking
Lilah Botterell,F,BMX
Marie-ann Gumbley,F,Mountain Biking
Dun Boycott,M,BMX
Wyatt Lancetter,M,Paris
Libby McGrady,F,Mountain Biking
Kienan Yakebovich,M,London
Daryl Steed,M,Gorge Walking
Michelina Grindle,F,Gorge Walking
Alanah Ranson,F,Paris
Tomaso Bunker,M,Gorge Walking
Carole Hantusch,F,Paris
Carlee Cribbin,F,London
Marcello Dunklee,M,Paris
Fabio Gateman,M,Paris
Aron Doring,M,London
Tera Crosgrove,F,Gorge Walking
Fielding Aysh,M,Paris
Abbe Higgan,M,Mountain Biking
Jorge Rate,M,Mountain Biking
Dionysus Grieger,M,BMX
Burg Harral,M,BMX
Isobel Achromov,F,Mountain Biking
Chandal Sailor,F,London
Beaufort Ingham,M,Paris
Hector Plewes,M,Paris
Neilla Iacopetti,F,Paris
Regan Giuroni,F,Mountain Biking
Guinna L'Episcopi,F,Paris
Antonius Yakobovicz,M,Paris
Raquela O'Hickee,F,BMX
Fulton McLeoid,M,London
Maryellen Woodyer,F,Mountain Biking
Babara Kaminski,F,London
Bette-ann Besantie,F,Mountain Biking
Danya Newbury,F,BMX
Frants Bortolini,M,Paris
Tyne Barnsdall,F,Paris
Linnet Heggison,F,BMX
Ernie Darlington,M,Paris
Tonya Clemenzo,F,Paris
Ofella Christian,F,Mountain Biking
Mile Weben,M,Mountain Biking
Thaddeus Blethin,M,Paris
Dee Spendley,F,Gorge Walking
Dru MacGilfoyle,F,Mountain Biking
Wilmette Randall,F,Gorge Walking
Tull Lisett,M,Gorge Walking
Hermione Dockrell,F,Gorge Walking
Miguel Bein,M,Gorge Walking
Hilliard Paschke,M,Gorge Walking
Remus Bartolomivis,M,BMX
Angy Bouzek,F,London
Jens Thompson,M,Mountain Biking
Obediah Eccleshare,M,BMX
Nita Gillies,F,Gorge Walking
Celestine Skitral,F,Paris
Cassie Darling,F,Mountain Biking
Sibyl Gude,M,BMX
Felicia Bilsland,F,BMX
Janeczka Josefovic,F,BMX
Melita Josefer,F,Mountain Biking
Desiri Woolmore,F,Gorge Walking
Vern Lindell,M,London
Selig Kyteley,M,Gorge Walking
Claretta Millin,F,BMX
Conrado Cona,M,Mountain Biking
Rosie Matveyev,F,Mountain Biking
Elle Darree,F,Gorge Walking
Britta Madden,F,London
Hieronymus Caroll,M,Mountain Biking
Michal Langsdon,M,Paris
Abbye Zavittieri,F,London
Ninette Etchingham,F,Paris
Douglass Hollier,M,London
Arleta Murkitt,F,BMX
Tess McGowing,F,Gorge Walking
Tansy Kydd,F,London
Grace Alyutin,M,London
Paul Samarth,M,Paris
Morty Pollie,M,London
Cordell Herculson,M,London
Vachel Rottenbury,M,Mountain Biking
Rodd Sumpter,M,London
Carlie Domnick,M,Mountain Biking
Conrad Golagley,M,BMX
Carolee Lancashire,F,Mountain Biking
Elora Klulik,F,BMX
Lucilia Perritt,F,BMX
Asher Budgey,M,BMX
Kerrie Langsbury,F,London
Gonzales Zaniolo,M,Gorge Walking
Towney Cottom,M,Paris
Terra Horwell,F,Paris
Claudine Bruford,F,London
Nobie Goundsy,M,Mountain Biking
Margarette Elwell,F,Mountain Biking
